experiment,algorithm,n,threshold,seed,repetition,key_comparisons,cpu_seconds,elapsed_seconds,correct
coarse,hybrid,1000000,1,404,0,18674305,,,true
coarse,hybrid,1000000,16,404,0,20224547,,,true
coarse,hybrid,1000000,32,404,0,23185945,,,true
coarse,hybrid,1000000,8,404,0,19072701,,,true
coarse,hybrid,1000000,128,404,0,44231014,,,true
coarse,hybrid,1000000,96,404,0,29899723,,,true
coarse,hybrid,1000000,24,404,0,20224547,,,true
coarse,hybrid,1000000,64,404,0,29899723,,,true
coarse,hybrid,1000000,4,404,0,18727702,,,true
coarse,hybrid,1000000,48,404,0,23185945,,,true
coarse,hybrid,1000000,2,404,0,18674305,,,true
coarse,hybrid,1000000,64,404,2,,0.033675,0.033705416,true
coarse,hybrid,1000000,96,404,1,,0.03382,0.033922708,true
coarse,hybrid,1000000,48,404,1,,0.033798,0.033949208,true
coarse,hybrid,1000000,128,404,2,,0.035461,0.035506,true
coarse,hybrid,1000000,8,404,3,,0.034325,0.034382875,true
coarse,hybrid,1000000,24,404,3,,0.033687,0.033734042,true
coarse,hybrid,1000000,64,404,3,,0.032995,0.033016166,true
coarse,hybrid,1000000,96,404,2,,0.033174,0.033201208,true
coarse,hybrid,1000000,16,404,1,,0.034273,0.034470958,true
coarse,hybrid,1000000,2,404,2,,0.038914,0.039366958,true
coarse,hybrid,1000000,24,404,2,,0.034778,0.035165416,true
coarse,hybrid,1000000,32,404,3,,0.033807,0.034132833,true
coarse,hybrid,1000000,32,404,2,,0.033546,0.033755208,true
coarse,hybrid,1000000,1,404,1,,0.039721,0.039879958,true
coarse,hybrid,1000000,2,404,3,,0.03782,0.037948625,true
coarse,hybrid,1000000,64,404,1,,0.033396,0.033523708,true
coarse,hybrid,1000000,4,404,1,,0.036602,0.036759917,true
coarse,hybrid,1000000,8,404,2,,0.03556,0.035908875,true
coarse,hybrid,1000000,4,404,3,,0.037585,0.038132875,true
coarse,hybrid,1000000,32,404,1,,0.034315,0.034847375,true
coarse,hybrid,1000000,16,404,2,,0.035576,0.036339166,true
coarse,hybrid,1000000,16,404,3,,0.036231,0.03706275,true
coarse,hybrid,1000000,128,404,1,,0.037489,0.038012333,true
coarse,hybrid,1000000,8,404,1,,0.035759,0.036043708,true
coarse,hybrid,1000000,48,404,3,,0.033629,0.03383675,true
coarse,hybrid,1000000,4,404,2,,0.036958,0.037489792,true
coarse,hybrid,1000000,96,404,3,,0.035009,0.03575525,true
coarse,hybrid,1000000,1,404,2,,0.040424,0.041098,true
coarse,hybrid,1000000,128,404,3,,0.036631,0.036987542,true
coarse,hybrid,1000000,2,404,1,,0.038939,0.03928825,true
coarse,hybrid,1000000,48,404,2,,0.0342,0.034586875,true
coarse,hybrid,1000000,1,404,3,,0.040369,0.041197625,true
coarse,hybrid,1000000,24,404,1,,0.034885,0.03522575,true
