experiment,algorithm,n,threshold,median,q1,q3,metric
coarse,hybrid,10000,1,0.000458,0.000449,0.000467,cpu_seconds
coarse,hybrid,10000,2,0.000446,0.000441,0.000467,cpu_seconds
coarse,hybrid,10000,4,0.000434,0.000407,0.000454,cpu_seconds
coarse,hybrid,10000,8,0.000382,0.000379,0.000406,cpu_seconds
coarse,hybrid,10000,16,0.000389,0.000367,0.000393,cpu_seconds
coarse,hybrid,10000,24,0.000343,0.00034,0.00035,cpu_seconds
coarse,hybrid,10000,32,0.000351,0.000313,0.000367,cpu_seconds
coarse,hybrid,10000,48,0.000312,0.000296,0.000336,cpu_seconds
coarse,hybrid,10000,64,0.000294,0.000289,0.000309,cpu_seconds
coarse,hybrid,10000,96,0.000282,0.000274,0.000303,cpu_seconds
coarse,hybrid,10000,128,0.000293,0.000283,0.000309,cpu_seconds
coarse,hybrid,10000,192,0.000272,0.000255,0.000326,cpu_seconds
coarse,hybrid,10000,256,0.000276,0.000265,0.000294,cpu_seconds
coarse,hybrid,10000,384,0.000323,0.000316,0.000376,cpu_seconds
coarse,hybrid,10000,512,0.000343,0.000319,0.000344,cpu_seconds
coarse,hybrid,10000,768,0.000431,0.000423,0.000462,cpu_seconds
coarse,hybrid,10000,1024,0.000509,0.00045,0.000727,cpu_seconds
coarse,hybrid,10000,1536,0.000716,0.000712,0.00077,cpu_seconds
coarse,hybrid,10000,2048,0.000697,0.000689,0.000762,cpu_seconds
coarse,hybrid,100000,1,0.006266,0.006235,0.006343,cpu_seconds
coarse,hybrid,100000,2,0.006219,0.006108,0.00625,cpu_seconds
coarse,hybrid,100000,4,0.005911,0.005902,0.006106,cpu_seconds
coarse,hybrid,100000,8,0.005679,0.00564,0.005763,cpu_seconds
coarse,hybrid,100000,16,0.005361,0.005333,0.005493,cpu_seconds
coarse,hybrid,100000,24,0.005278,0.005221,0.005356,cpu_seconds
coarse,hybrid,100000,32,0.004979,0.004963,0.005131,cpu_seconds
coarse,hybrid,100000,48,0.005057,0.005008,0.005134,cpu_seconds
coarse,hybrid,100000,64,0.005163,0.004761,0.005187,cpu_seconds
coarse,hybrid,100000,96,0.005049,0.004833,0.005151,cpu_seconds
coarse,hybrid,100000,128,0.00479,0.004568,0.005279,cpu_seconds
coarse,hybrid,100000,192,0.004768,0.004676,0.005188,cpu_seconds
coarse,hybrid,100000,256,0.005501,0.005025,0.005749,cpu_seconds
coarse,hybrid,100000,384,0.005509,0.005055,0.005857,cpu_seconds
coarse,hybrid,100000,512,0.006043,0.00536,0.007241,cpu_seconds
coarse,hybrid,100000,768,0.006087,0.00532,0.007415,cpu_seconds
coarse,hybrid,100000,1024,0.008422,0.008165,0.010657,cpu_seconds
coarse,hybrid,100000,1536,0.008299,0.008161,0.010653,cpu_seconds
coarse,hybrid,100000,2048,0.012862,0.010363,0.017908,cpu_seconds
coarse,hybrid,1000000,1,0.075025,0.074696,0.076187,cpu_seconds
coarse,hybrid,1000000,2,0.073697,0.073494,0.07391,cpu_seconds
coarse,hybrid,1000000,4,0.070182,0.069982,0.070253,cpu_seconds
coarse,hybrid,1000000,8,0.071114,0.068626,0.071145,cpu_seconds
coarse,hybrid,1000000,16,0.064464,0.064198,0.064681,cpu_seconds
coarse,hybrid,1000000,24,0.064482,0.064439,0.065506,cpu_seconds
coarse,hybrid,1000000,32,0.067701,0.062247,0.068534,cpu_seconds
coarse,hybrid,1000000,48,0.06761,0.062076,0.068704,cpu_seconds
coarse,hybrid,1000000,64,0.059354,0.059183,0.060866,cpu_seconds
coarse,hybrid,1000000,96,0.05914,0.058971,0.060985,cpu_seconds
coarse,hybrid,1000000,128,0.070972,0.060928,0.072638,cpu_seconds
coarse,hybrid,1000000,192,0.07109,0.060762,0.073103,cpu_seconds
coarse,hybrid,1000000,256,0.060836,0.060805,0.065404,cpu_seconds
coarse,hybrid,1000000,384,0.060678,0.060641,0.065888,cpu_seconds
coarse,hybrid,1000000,512,0.099763,0.078761,0.109921,cpu_seconds
coarse,hybrid,1000000,768,0.099849,0.07759,0.110886,cpu_seconds
coarse,hybrid,1000000,1024,0.089208,0.088068,0.107078,cpu_seconds
coarse,hybrid,1000000,1536,0.089266,0.088326,0.107625,cpu_seconds
coarse,hybrid,1000000,2048,0.231751,0.167009,0.26336,cpu_seconds
coarse,hybrid,10000000,1,0.84463,0.797283,0.852612,cpu_seconds
coarse,hybrid,10000000,2,0.830063,0.790067,0.837496,cpu_seconds
coarse,hybrid,10000000,4,0.815382,0.774559,0.824983,cpu_seconds
coarse,hybrid,10000000,8,0.799609,0.747406,0.814567,cpu_seconds
coarse,hybrid,10000000,16,0.764981,0.722354,0.76976,cpu_seconds
coarse,hybrid,10000000,24,0.745164,0.690986,0.74792,cpu_seconds
coarse,hybrid,10000000,32,0.746495,0.693218,0.748843,cpu_seconds
coarse,hybrid,10000000,48,0.707544,0.668901,0.714833,cpu_seconds
coarse,hybrid,10000000,64,0.706022,0.669568,0.714122,cpu_seconds
coarse,hybrid,10000000,96,0.695543,0.649905,0.698914,cpu_seconds
coarse,hybrid,10000000,128,0.691842,0.648173,0.701666,cpu_seconds
coarse,hybrid,10000000,192,0.689948,0.656442,0.692571,cpu_seconds
coarse,hybrid,10000000,256,0.686502,0.654692,0.691693,cpu_seconds
coarse,hybrid,10000000,384,0.730076,0.69039,0.738653,cpu_seconds
coarse,hybrid,10000000,512,0.731935,0.689772,0.732566,cpu_seconds
coarse,hybrid,10000000,768,0.827754,0.806986,0.828786,cpu_seconds
coarse,hybrid,10000000,1024,0.830501,0.812763,0.831433,cpu_seconds
coarse,hybrid,10000000,1536,1.094837,1.072225,1.114953,cpu_seconds
coarse,hybrid,10000000,2048,1.096854,1.074798,1.114735,cpu_seconds
fixed_s,hybrid,1000,32,7.8e-05,7.6e-05,7.9e-05,cpu_seconds
fixed_s,hybrid,3000,32,0.00025,0.000241,0.000252,cpu_seconds
fixed_s,hybrid,10000,32,0.001493,0.000638,0.001662,cpu_seconds
fixed_s,hybrid,30000,32,0.001247,0.001246,0.001264,cpu_seconds
fixed_s,hybrid,100000,32,0.004708,0.004693,0.004775,cpu_seconds
fixed_s,hybrid,300000,32,0.016167,0.015862,0.016231,cpu_seconds
fixed_s,hybrid,1000000,32,0.056677,0.05654,0.057658,cpu_seconds
fixed_s,hybrid,3000000,32,0.190334,0.189009,0.190757,cpu_seconds
fixed_s,hybrid,10000000,32,0.693139,0.690634,0.702625,cpu_seconds
refine,hybrid,10000000,192,0.654621,0.651674,0.656476,cpu_seconds
refine,hybrid,10000000,305,0.687977,0.687475,0.688872,cpu_seconds
refine,hybrid,10000000,306,0.695526,0.695521,0.696538,cpu_seconds
validation,hybrid,10000000,192,0.655154,0.651119,0.746257,cpu_seconds
validation,merge,10000000,0,0.841846,0.841275,0.850693,cpu_seconds
coarse,hybrid,10000,1,120395.0,120384.0,120484.0,key_comparisons
coarse,hybrid,10000,2,120395.0,120384.0,120484.0,key_comparisons
coarse,hybrid,10000,4,120442.0,120428.0,120537.0,key_comparisons
coarse,hybrid,10000,8,121472.0,121443.0,121476.0,key_comparisons
coarse,hybrid,10000,16,127049.0,126926.0,127059.0,key_comparisons
coarse,hybrid,10000,24,143675.0,143461.0,143703.0,key_comparisons
coarse,hybrid,10000,32,143675.0,143461.0,143703.0,key_comparisons
coarse,hybrid,10000,48,183477.0,183343.0,183501.0,key_comparisons
coarse,hybrid,10000,64,183477.0,183343.0,183501.0,key_comparisons
coarse,hybrid,10000,96,272780.0,271637.0,273217.0,key_comparisons
coarse,hybrid,10000,128,272780.0,271637.0,273217.0,key_comparisons
coarse,hybrid,10000,192,457160.0,455359.0,457831.0,key_comparisons
coarse,hybrid,10000,256,457160.0,455359.0,457831.0,key_comparisons
coarse,hybrid,10000,384,838251.0,830863.0,841596.0,key_comparisons
coarse,hybrid,10000,512,838251.0,830863.0,841596.0,key_comparisons
coarse,hybrid,10000,768,1603484.0,1601671.0,1605868.0,key_comparisons
coarse,hybrid,10000,1024,1603484.0,1601671.0,1605868.0,key_comparisons
coarse,hybrid,10000,1536,3133546.0,3124223.0,3145290.0,key_comparisons
coarse,hybrid,10000,2048,3133546.0,3124223.0,3145290.0,key_comparisons
coarse,hybrid,100000,1,1536530.0,1536310.0,1536574.0,key_comparisons
coarse,hybrid,100000,2,1536530.0,1536310.0,1536574.0,key_comparisons
coarse,hybrid,100000,4,1536837.0,1536783.0,1536899.0,key_comparisons
coarse,hybrid,100000,8,1557738.0,1557736.0,1558005.0,key_comparisons
coarse,hybrid,100000,16,1639375.0,1638645.0,1639642.0,key_comparisons
coarse,hybrid,100000,24,1764562.0,1764137.0,1764928.0,key_comparisons
coarse,hybrid,100000,32,1861601.0,1861310.0,1862232.0,key_comparisons
coarse,hybrid,100000,48,1948332.0,1947580.0,1948659.0,key_comparisons
coarse,hybrid,100000,64,2381725.0,2379608.0,2384240.0,key_comparisons
coarse,hybrid,100000,96,2381725.0,2379608.0,2384240.0,key_comparisons
coarse,hybrid,100000,128,3508376.0,3500545.0,3510545.0,key_comparisons
coarse,hybrid,100000,192,3508376.0,3500545.0,3510545.0,key_comparisons
coarse,hybrid,100000,256,5858925.0,5856802.0,5860117.0,key_comparisons
coarse,hybrid,100000,384,5858925.0,5856802.0,5860117.0,key_comparisons
coarse,hybrid,100000,512,10636898.0,10631898.0,10639010.0,key_comparisons
coarse,hybrid,100000,768,10636898.0,10631898.0,10639010.0,key_comparisons
coarse,hybrid,100000,1024,20291727.0,20273554.0,20313461.0,key_comparisons
coarse,hybrid,100000,1536,20291727.0,20273554.0,20313461.0,key_comparisons
coarse,hybrid,100000,2048,39737165.0,39694748.0,39756470.0,key_comparisons
coarse,hybrid,1000000,1,18674224.0,18674215.0,18674305.0,key_comparisons
coarse,hybrid,1000000,2,18674224.0,18674215.0,18674305.0,key_comparisons
coarse,hybrid,1000000,4,18727702.0,18727623.0,18728060.0,key_comparisons
coarse,hybrid,1000000,8,19073395.0,19072701.0,19073754.0,key_comparisons
coarse,hybrid,1000000,16,20224547.0,20223703.0,20226610.0,key_comparisons
coarse,hybrid,1000000,24,20224547.0,20223703.0,20226610.0,key_comparisons
coarse,hybrid,1000000,32,23189085.0,23185945.0,23191162.0,key_comparisons
coarse,hybrid,1000000,48,23189085.0,23185945.0,23191162.0,key_comparisons
coarse,hybrid,1000000,64,29898715.0,29888819.0,29899723.0,key_comparisons
coarse,hybrid,1000000,96,29898715.0,29888819.0,29899723.0,key_comparisons
coarse,hybrid,1000000,128,44204881.0,44191174.0,44212101.0,key_comparisons
coarse,hybrid,1000000,192,44204881.0,44191174.0,44212101.0,key_comparisons
coarse,hybrid,1000000,256,73744890.0,73719989.0,73746846.0,key_comparisons
coarse,hybrid,1000000,384,73744890.0,73719989.0,73746846.0,key_comparisons
coarse,hybrid,1000000,512,133799106.0,133715214.0,133821813.0,key_comparisons
coarse,hybrid,1000000,768,133799106.0,133715214.0,133821813.0,key_comparisons
coarse,hybrid,1000000,1024,254826889.0,254753669.0,254827620.0,key_comparisons
coarse,hybrid,1000000,1536,254826889.0,254753669.0,254827620.0,key_comparisons
coarse,hybrid,1000000,2048,497994544.0,497930484.0,498043758.0,key_comparisons
coarse,hybrid,10000000,1,220100801.0,220098911.0,220102816.0,key_comparisons
coarse,hybrid,10000000,2,220100801.0,220098911.0,220102816.0,key_comparisons
coarse,hybrid,10000000,4,220222089.0,220220558.0,220224136.0,key_comparisons
coarse,hybrid,10000000,8,221109128.0,221106273.0,221109561.0,key_comparisons
coarse,hybrid,10000000,16,226413209.0,226412478.0,226414073.0,key_comparisons
coarse,hybrid,10000000,24,242308363.0,242304980.0,242314243.0,key_comparisons
coarse,hybrid,10000000,32,242308363.0,242304980.0,242314243.0,key_comparisons
coarse,hybrid,10000000,48,281248435.0,281247717.0,281256968.0,key_comparisons
coarse,hybrid,10000000,64,281248435.0,281247717.0,281256968.0,key_comparisons
coarse,hybrid,10000000,96,367352718.0,367325718.0,367370632.0,key_comparisons
coarse,hybrid,10000000,128,367352718.0,367325718.0,367370632.0,key_comparisons
coarse,hybrid,10000000,192,548436711.0,548422198.0,548538752.0,key_comparisons
coarse,hybrid,10000000,256,548436711.0,548422198.0,548538752.0,key_comparisons
coarse,hybrid,10000000,384,920150474.0,920033457.0,920337379.0,key_comparisons
coarse,hybrid,10000000,512,920150474.0,920033457.0,920337379.0,key_comparisons
coarse,hybrid,10000000,768,1673132871.0,1672958974.0,1673498846.0,key_comparisons
coarse,hybrid,10000000,1024,1673132871.0,1672958974.0,1673498846.0,key_comparisons
coarse,hybrid,10000000,1536,3188994648.0,3188693789.0,3189275257.0,key_comparisons
coarse,hybrid,10000000,2048,3188994648.0,3188693789.0,3189275257.0,key_comparisons
fixed_s,hybrid,1000,32,13384.0,13372.0,13530.0,key_comparisons
fixed_s,hybrid,3000,32,40021.0,40001.0,40143.0,key_comparisons
fixed_s,hybrid,10000,32,143675.0,143461.0,143703.0,key_comparisons
fixed_s,hybrid,30000,32,535994.0,535356.0,536525.0,key_comparisons
fixed_s,hybrid,100000,32,1861601.0,1861310.0,1862232.0,key_comparisons
fixed_s,hybrid,300000,32,5709675.0,5709417.0,5710097.0,key_comparisons
fixed_s,hybrid,1000000,32,23189085.0,23185945.0,23191162.0,key_comparisons
fixed_s,hybrid,3000000,32,69675836.0,69670098.0,69680086.0,key_comparisons
fixed_s,hybrid,10000000,32,242308363.0,242304980.0,242314243.0,key_comparisons
refine,hybrid,10000000,192,548436711.0,548422198.0,548538752.0,key_comparisons
refine,hybrid,10000000,305,854495654.0,854418798.0,854572979.0,key_comparisons
refine,hybrid,10000000,306,920150474.0,920033457.0,920337379.0,key_comparisons
validation,hybrid,10000000,192,548538181.0,548516352.0,548548020.0,key_comparisons
validation,merge,10000000,0,220101526.0,220099143.0,220101612.0,key_comparisons
coarse,hybrid,10000,1,0.00045875,0.000450417,0.000468834,elapsed_seconds
coarse,hybrid,10000,2,0.000447791,0.000442334,0.000479833,elapsed_seconds
coarse,hybrid,10000,4,0.000434583,0.000408208,0.000460583,elapsed_seconds
coarse,hybrid,10000,8,0.000382459,0.000379167,0.000407,elapsed_seconds
coarse,hybrid,10000,16,0.00039,0.000368333,0.000394458,elapsed_seconds
coarse,hybrid,10000,24,0.000344375,0.000343,0.000351041,elapsed_seconds
coarse,hybrid,10000,32,0.000352791,0.000313875,0.000380667,elapsed_seconds
coarse,hybrid,10000,48,0.000323916,0.000297167,0.000337375,elapsed_seconds
coarse,hybrid,10000,64,0.000295792,0.000290958,0.000308875,elapsed_seconds
coarse,hybrid,10000,96,0.000281666,0.000274917,0.000309,elapsed_seconds
coarse,hybrid,10000,128,0.000294417,0.000283709,0.00031075,elapsed_seconds
coarse,hybrid,10000,192,0.000274292,0.000255458,0.00032875,elapsed_seconds
coarse,hybrid,10000,256,0.000277708,0.000265541,0.00029875,elapsed_seconds
coarse,hybrid,10000,384,0.000323125,0.000317,0.00037775,elapsed_seconds
coarse,hybrid,10000,512,0.000342875,0.000320208,0.00035175,elapsed_seconds
coarse,hybrid,10000,768,0.000432584,0.000423666,0.000469709,elapsed_seconds
coarse,hybrid,10000,1024,0.000515375,0.000451292,0.000734334,elapsed_seconds
coarse,hybrid,10000,1536,0.0007265,0.000716625,0.000771792,elapsed_seconds
coarse,hybrid,10000,2048,0.000697458,0.000690208,0.000795167,elapsed_seconds
coarse,hybrid,100000,1,0.006278625,0.006253,0.006367541,elapsed_seconds
coarse,hybrid,100000,2,0.006259084,0.006126333,0.006259917,elapsed_seconds
coarse,hybrid,100000,4,0.00593825,0.005920625,0.006119334,elapsed_seconds
coarse,hybrid,100000,8,0.0056945,0.005662875,0.005789333,elapsed_seconds
coarse,hybrid,100000,16,0.005409209,0.005357209,0.005520833,elapsed_seconds
coarse,hybrid,100000,24,0.005297292,0.005267667,0.0053955,elapsed_seconds
coarse,hybrid,100000,32,0.005021292,0.004970166,0.005162833,elapsed_seconds
coarse,hybrid,100000,48,0.005067167,0.005031709,0.00517275,elapsed_seconds
coarse,hybrid,100000,64,0.005196417,0.004802208,0.00520075,elapsed_seconds
coarse,hybrid,100000,96,0.005072625,0.004870334,0.005159333,elapsed_seconds
coarse,hybrid,100000,128,0.004809875,0.00457375,0.005291541,elapsed_seconds
coarse,hybrid,100000,192,0.004780875,0.004699875,0.005217,elapsed_seconds
coarse,hybrid,100000,256,0.005517667,0.005059041,0.005774292,elapsed_seconds
coarse,hybrid,100000,384,0.005516958,0.005064042,0.005885875,elapsed_seconds
coarse,hybrid,100000,512,0.006078458,0.005410416,0.00726375,elapsed_seconds
coarse,hybrid,100000,768,0.006088666,0.005358875,0.007449042,elapsed_seconds
coarse,hybrid,100000,1024,0.008455083,0.008207125,0.010689,elapsed_seconds
coarse,hybrid,100000,1536,0.008305208,0.008169833,0.010696583,elapsed_seconds
coarse,hybrid,100000,2048,0.012946833,0.01037575,0.017987916,elapsed_seconds
coarse,hybrid,1000000,1,0.075306959,0.074972,0.0765805,elapsed_seconds
coarse,hybrid,1000000,2,0.074005583,0.073804166,0.074158916,elapsed_seconds
coarse,hybrid,1000000,4,0.070286875,0.070220417,0.07057875,elapsed_seconds
coarse,hybrid,1000000,8,0.071359666,0.068902916,0.071382209,elapsed_seconds
coarse,hybrid,1000000,16,0.064598042,0.064520291,0.064935042,elapsed_seconds
coarse,hybrid,1000000,24,0.064804834,0.064752916,0.065954542,elapsed_seconds
coarse,hybrid,1000000,32,0.067975167,0.062555833,0.068757333,elapsed_seconds
coarse,hybrid,1000000,48,0.067867667,0.062271208,0.069105125,elapsed_seconds
coarse,hybrid,1000000,64,0.059583334,0.059378458,0.06109575,elapsed_seconds
coarse,hybrid,1000000,96,0.059437167,0.059174291,0.061292041,elapsed_seconds
coarse,hybrid,1000000,128,0.071220334,0.061129584,0.072923333,elapsed_seconds
coarse,hybrid,1000000,192,0.071446458,0.060979083,0.073396834,elapsed_seconds
coarse,hybrid,1000000,256,0.06113325,0.061109625,0.06552375,elapsed_seconds
coarse,hybrid,1000000,384,0.06106625,0.0608565,0.0662035,elapsed_seconds
coarse,hybrid,1000000,512,0.100081208,0.079006583,0.110124208,elapsed_seconds
coarse,hybrid,1000000,768,0.100227542,0.07784425,0.111308334,elapsed_seconds
coarse,hybrid,1000000,1024,0.089746625,0.088324625,0.107570333,elapsed_seconds
coarse,hybrid,1000000,1536,0.089828,0.088638125,0.108235208,elapsed_seconds
coarse,hybrid,1000000,2048,0.23285125,0.167492083,0.263963416,elapsed_seconds
coarse,hybrid,10000000,1,0.847283334,0.800792167,0.85632675,elapsed_seconds
coarse,hybrid,10000000,2,0.832465042,0.793928292,0.840174042,elapsed_seconds
coarse,hybrid,10000000,4,0.818285958,0.777619959,0.827283209,elapsed_seconds
coarse,hybrid,10000000,8,0.802724083,0.750106833,0.818018416,elapsed_seconds
coarse,hybrid,10000000,16,0.767648458,0.724759125,0.77257025,elapsed_seconds
coarse,hybrid,10000000,24,0.74805675,0.693795875,0.750708167,elapsed_seconds
coarse,hybrid,10000000,32,0.749256958,0.695603458,0.751659209,elapsed_seconds
coarse,hybrid,10000000,48,0.70959825,0.67267475,0.717928458,elapsed_seconds
coarse,hybrid,10000000,64,0.708281166,0.672612667,0.716311542,elapsed_seconds
coarse,hybrid,10000000,96,0.698089208,0.652094791,0.701185667,elapsed_seconds
coarse,hybrid,10000000,128,0.6937455,0.6505355,0.703869542,elapsed_seconds
coarse,hybrid,10000000,192,0.692144166,0.658537042,0.694446333,elapsed_seconds
coarse,hybrid,10000000,256,0.688232041,0.656552917,0.693830417,elapsed_seconds
coarse,hybrid,10000000,384,0.732574083,0.692886625,0.742043625,elapsed_seconds
coarse,hybrid,10000000,512,0.734099333,0.691566459,0.73459,elapsed_seconds
coarse,hybrid,10000000,768,0.830970208,0.809053,0.831107042,elapsed_seconds
coarse,hybrid,10000000,1024,0.833436,0.816217416,0.834822666,elapsed_seconds
coarse,hybrid,10000000,1536,1.098082917,1.076335167,1.118660542,elapsed_seconds
coarse,hybrid,10000000,2048,1.100573916,1.079358416,1.118851583,elapsed_seconds
fixed_s,hybrid,1000,32,7.9917e-05,7.9416e-05,8.0042e-05,elapsed_seconds
fixed_s,hybrid,3000,32,0.000252792,0.000243,0.000255959,elapsed_seconds
fixed_s,hybrid,10000,32,0.001528125,0.000639916,0.001693375,elapsed_seconds
fixed_s,hybrid,30000,32,0.001275667,0.001262375,0.001288375,elapsed_seconds
fixed_s,hybrid,100000,32,0.004740791,0.00471975,0.004822458,elapsed_seconds
fixed_s,hybrid,300000,32,0.016286667,0.015895709,0.016419125,elapsed_seconds
fixed_s,hybrid,1000000,32,0.057071125,0.056784417,0.057854083,elapsed_seconds
fixed_s,hybrid,3000000,32,0.19092825,0.1898645,0.191334083,elapsed_seconds
fixed_s,hybrid,10000000,32,0.694879584,0.692901166,0.70513675,elapsed_seconds
refine,hybrid,10000000,192,0.658227541,0.654053875,0.659289625,elapsed_seconds
refine,hybrid,10000000,305,0.68997325,0.68983775,0.691050458,elapsed_seconds
refine,hybrid,10000000,306,0.698970209,0.697864708,0.699677083,elapsed_seconds
validation,hybrid,10000000,192,0.657796875,0.653816125,0.749135875,elapsed_seconds
validation,merge,10000000,0,0.844769542,0.844401,0.854219584,elapsed_seconds
